group_level	group_name	order_name	tier	marker_name
family	A01b	Asfuvirales	core	OG1352
family	A01b	Asfuvirales	core	OG3587
family	A01b	Asfuvirales	shared	OG1242
family	A01b	Asfuvirales	shared	OG1490
family	A01b	Asfuvirales	shared	OG1537
family	A01b	Asfuvirales	shared	OG1614
family	A01b	Asfuvirales	shared	OG1645
family	A01b	Asfuvirales	shared	OG1804
family	A01b	Asfuvirales	shared	OG2284
family	A01b	Asfuvirales	shared	OG2922
family	A01b	Asfuvirales	shared	OG3848
family	A01b	Asfuvirales	accessory	OG1340
family	A01b	Asfuvirales	accessory	OG1395
family	A01b	Asfuvirales	accessory	OG1435
family	A01b	Asfuvirales	accessory	OG1676
family	A01b	Asfuvirales	accessory	OG1684
family	A01b	Asfuvirales	accessory	OG1707
family	A01b	Asfuvirales	accessory	OG1709
family	A01b	Asfuvirales	accessory	OG1710
family	A01b	Asfuvirales	accessory	OG1758
family	A01b	Asfuvirales	accessory	OG1821
family	A01b	Asfuvirales	accessory	OG1831
family	A01b	Asfuvirales	accessory	OG1942
family	A01b	Asfuvirales	accessory	OG1943
family	A01b	Asfuvirales	accessory	OG2166
family	A01b	Asfuvirales	accessory	OG2708
family	A01b	Asfuvirales	accessory	OG3084
family	A01b	Asfuvirales	accessory	OG3263
family	A01b	Asfuvirales	accessory	OG3700
family	A01d	Asfuvirales	shared	OG1242
family	A01d	Asfuvirales	shared	OG1352
family	A01d	Asfuvirales	shared	OG1395
family	A01d	Asfuvirales	shared	OG1435
family	A01d	Asfuvirales	shared	OG1490
family	A01d	Asfuvirales	shared	OG1821
family	A01d	Asfuvirales	shared	OG2166
family	A01d	Asfuvirales	shared	OG3587
family	A01d	Asfuvirales	accessory	OG1537
family	A01d	Asfuvirales	accessory	OG1614
family	A01d	Asfuvirales	accessory	OG1617
family	A01d	Asfuvirales	accessory	OG1645
family	A01d	Asfuvirales	accessory	OG1709
family	A01d	Asfuvirales	accessory	OG1804
family	A01d	Asfuvirales	accessory	OG1943
family	A01d	Asfuvirales	accessory	OG2111
family	A01d	Asfuvirales	accessory	OG2284
family	A01d	Asfuvirales	accessory	OG2924
family	A02	Asfuvirales	shared	OG1190
family	A02	Asfuvirales	shared	OG1352
family	A02	Asfuvirales	shared	OG1395
family	A02	Asfuvirales	shared	OG3587
family	A02	Asfuvirales	accessory	OG1242
family	A02	Asfuvirales	accessory	OG1490
family	A02	Asfuvirales	accessory	OG1537
family	A02	Asfuvirales	accessory	OG1645
family	A02	Asfuvirales	accessory	OG1657
family	A02	Asfuvirales	accessory	OG1709
family	A02	Asfuvirales	accessory	OG1831
family	A02	Asfuvirales	accessory	OG3084
family	AF_01	Asfuvirales	core	OG1490
family	AF_01	Asfuvirales	core	OG3848
family	AF_01	Asfuvirales	core	OG4458
family	AF_01	Asfuvirales	shared	OG1190
family	AF_01	Asfuvirales	shared	OG1242
family	AF_01	Asfuvirales	shared	OG1340
family	AF_01	Asfuvirales	shared	OG1352
family	AF_01	Asfuvirales	shared	OG1395
family	AF_01	Asfuvirales	shared	OG1435
family	AF_01	Asfuvirales	shared	OG1537
family	AF_01	Asfuvirales	shared	OG1614
family	AF_01	Asfuvirales	shared	OG1616
family	AF_01	Asfuvirales	shared	OG1617
family	AF_01	Asfuvirales	shared	OG1645
family	AF_01	Asfuvirales	shared	OG1657
family	AF_01	Asfuvirales	shared	OG1676
family	AF_01	Asfuvirales	shared	OG1684
family	AF_01	Asfuvirales	shared	OG1707
family	AF_01	Asfuvirales	shared	OG1709
family	AF_01	Asfuvirales	shared	OG1710
family	AF_01	Asfuvirales	shared	OG1758
family	AF_01	Asfuvirales	shared	OG1804
family	AF_01	Asfuvirales	shared	OG1821
family	AF_01	Asfuvirales	shared	OG1831
family	AF_01	Asfuvirales	shared	OG1942
family	AF_01	Asfuvirales	shared	OG2166
family	AF_01	Asfuvirales	shared	OG2284
family	AF_01	Asfuvirales	shared	OG2350
family	AF_01	Asfuvirales	shared	OG2375
family	AF_01	Asfuvirales	shared	OG2527
family	AF_01	Asfuvirales	shared	OG2708
family	AF_01	Asfuvirales	shared	OG3084
family	AF_01	Asfuvirales	shared	OG3263
family	AF_01	Asfuvirales	shared	OG3373
family	AF_01	Asfuvirales	shared	OG3600
family	AF_01	Asfuvirales	shared	OG3700
family	AF_01	Asfuvirales	shared	OG4174
family	AF_01	Asfuvirales	accessory	OG1363
family	AF_01	Asfuvirales	accessory	OG1943
family	AF_01	Asfuvirales	accessory	OG2111
family	AF_01	Asfuvirales	accessory	OG2243
family	AF_01	Asfuvirales	accessory	OG2922
family	AF_01	Asfuvirales	accessory	OG2924
family	AF_01	Asfuvirales	accessory	OG3587
family	AF_01	Asfuvirales	accessory	OG4703
family	AF_02	Asfuvirales	core	OG1352
family	AF_02	Asfuvirales	shared	OG1190
family	AF_02	Asfuvirales	shared	OG1242
family	AF_02	Asfuvirales	shared	OG1395
family	AF_02	Asfuvirales	shared	OG1435
family	AF_02	Asfuvirales	shared	OG1490
family	AF_02	Asfuvirales	shared	OG1537
family	AF_02	Asfuvirales	shared	OG1614
family	AF_02	Asfuvirales	shared	OG1616
family	AF_02	Asfuvirales	shared	OG1645
family	AF_02	Asfuvirales	shared	OG1657
family	AF_02	Asfuvirales	shared	OG1676
family	AF_02	Asfuvirales	shared	OG1684
family	AF_02	Asfuvirales	shared	OG1707
family	AF_02	Asfuvirales	shared	OG1709
family	AF_02	Asfuvirales	shared	OG1710
family	AF_02	Asfuvirales	shared	OG1758
family	AF_02	Asfuvirales	shared	OG1804
family	AF_02	Asfuvirales	shared	OG1821
family	AF_02	Asfuvirales	shared	OG1831
family	AF_02	Asfuvirales	shared	OG1942
family	AF_02	Asfuvirales	shared	OG2284
family	AF_02	Asfuvirales	shared	OG2924
family	AF_02	Asfuvirales	shared	OG3084
family	AF_02	Asfuvirales	shared	OG3587
family	AF_02	Asfuvirales	shared	OG3700
family	AF_02	Asfuvirales	accessory	OG1340
family	AF_02	Asfuvirales	accessory	OG1426
family	AF_02	Asfuvirales	accessory	OG1943
family	AF_02	Asfuvirales	accessory	OG2243
family	AF_02	Asfuvirales	accessory	OG2350
family	AF_02	Asfuvirales	accessory	OG2527
family	AF_02	Asfuvirales	accessory	OG2922
family	AF_02	Asfuvirales	accessory	OG3600
family	AF_03	Asfuvirales	core	OG1352
family	AF_03	Asfuvirales	core	OG1943
family	AF_03	Asfuvirales	core	OG3587
family	AF_03	Asfuvirales	shared	OG1190
family	AF_03	Asfuvirales	shared	OG1395
family	AF_03	Asfuvirales	shared	OG1435
family	AF_03	Asfuvirales	shared	OG1490
family	AF_03	Asfuvirales	shared	OG1707
family	AF_03	Asfuvirales	shared	OG1709
family	AF_03	Asfuvirales	shared	OG1821
family	AF_03	Asfuvirales	shared	OG3084
family	AF_03	Asfuvirales	accessory	OG1242
family	AF_03	Asfuvirales	accessory	OG1537
family	AF_03	Asfuvirales	accessory	OG1614
family	AF_03	Asfuvirales	accessory	OG1616
family	AF_03	Asfuvirales	accessory	OG1645
family	AF_03	Asfuvirales	accessory	OG1657
family	AF_03	Asfuvirales	accessory	OG1684
family	AF_03	Asfuvirales	accessory	OG1710
family	AF_03	Asfuvirales	accessory	OG1804
family	AF_03	Asfuvirales	accessory	OG1831
family	AF_03	Asfuvirales	accessory	OG1942
family	AF_03	Asfuvirales	accessory	OG3848
family	AF_04	Asfuvirales	core	OG1190
family	AF_04	Asfuvirales	core	OG1395
family	AF_04	Asfuvirales	core	OG1710
family	AF_04	Asfuvirales	shared	OG1242
family	AF_04	Asfuvirales	shared	OG1352
family	AF_04	Asfuvirales	shared	OG1435
family	AF_04	Asfuvirales	shared	OG1490
family	AF_04	Asfuvirales	shared	OG1537
family	AF_04	Asfuvirales	shared	OG1614
family	AF_04	Asfuvirales	shared	OG1616
family	AF_04	Asfuvirales	shared	OG1645
family	AF_04	Asfuvirales	shared	OG1657
family	AF_04	Asfuvirales	shared	OG1676
family	AF_04	Asfuvirales	shared	OG1707
family	AF_04	Asfuvirales	shared	OG1709
family	AF_04	Asfuvirales	shared	OG1758
family	AF_04	Asfuvirales	shared	OG1804
family	AF_04	Asfuvirales	shared	OG1821
family	AF_04	Asfuvirales	shared	OG1831
family	AF_04	Asfuvirales	shared	OG1942
family	AF_04	Asfuvirales	shared	OG2111
family	AF_04	Asfuvirales	shared	OG2166
family	AF_04	Asfuvirales	shared	OG2243
family	AF_04	Asfuvirales	shared	OG2284
family	AF_04	Asfuvirales	shared	OG2350
family	AF_04	Asfuvirales	shared	OG2375
family	AF_04	Asfuvirales	shared	OG2527
family	AF_04	Asfuvirales	shared	OG2708
family	AF_04	Asfuvirales	shared	OG2922
family	AF_04	Asfuvirales	shared	OG3084
family	AF_04	Asfuvirales	shared	OG3587
family	AF_04	Asfuvirales	shared	OG3700
family	AF_04	Asfuvirales	shared	OG3848
family	AF_04	Asfuvirales	shared	OG4458
family	AF_04	Asfuvirales	accessory	OG1340
family	AF_04	Asfuvirales	accessory	OG1684
family	AF_04	Asfuvirales	accessory	OG1943
family	AF_04	Asfuvirales	accessory	OG3263
family	AF_05	Asfuvirales	core	OG1190
family	AF_05	Asfuvirales	core	OG1242
family	AF_05	Asfuvirales	core	OG1352
family	AF_05	Asfuvirales	core	OG1395
family	AF_05	Asfuvirales	core	OG1490
family	AF_05	Asfuvirales	core	OG1614
family	AF_05	Asfuvirales	core	OG1616
family	AF_05	Asfuvirales	core	OG1707
family	AF_05	Asfuvirales	core	OG1709
family	AF_05	Asfuvirales	core	OG1710
family	AF_05	Asfuvirales	core	OG1831
family	AF_05	Asfuvirales	core	OG2284
family	AF_05	Asfuvirales	core	OG3084
family	AF_05	Asfuvirales	core	OG3587
family	AF_05	Asfuvirales	shared	OG1657
family	AF_05	Asfuvirales	shared	OG1821
family	AF_05	Asfuvirales	shared	OG1942
family	AF_05	Asfuvirales	shared	OG3848
family	AF_05	Asfuvirales	accessory	OG1363
family	AF_05	Asfuvirales	accessory	OG1645
family	AF_05	Asfuvirales	accessory	OG1676
family	AF_05	Asfuvirales	accessory	OG1684
family	AF_05	Asfuvirales	accessory	OG1758
family	AF_05	Asfuvirales	accessory	OG1804
family	AF_05	Asfuvirales	accessory	OG1943
family	AF_05	Asfuvirales	accessory	OG2166
family	AF_05	Asfuvirales	accessory	OG2527
family	AF_05	Asfuvirales	accessory	OG3700
family	AF_06	Asfuvirales	core	OG1190
family	AF_06	Asfuvirales	core	OG1352
family	AF_06	Asfuvirales	core	OG1614
family	AF_06	Asfuvirales	core	OG1657
family	AF_06	Asfuvirales	core	OG1684
family	AF_06	Asfuvirales	core	OG1831
family	AF_06	Asfuvirales	core	OG2527
family	AF_06	Asfuvirales	core	OG3263
family	AF_06	Asfuvirales	core	OG3587
family	AF_06	Asfuvirales	core	OG4458
family	AF_06	Asfuvirales	shared	OG1242
family	AF_06	Asfuvirales	shared	OG1340
family	AF_06	Asfuvirales	shared	OG1395
family	AF_06	Asfuvirales	shared	OG1426
family	AF_06	Asfuvirales	shared	OG1435
family	AF_06	Asfuvirales	shared	OG1490
family	AF_06	Asfuvirales	shared	OG1537
family	AF_06	Asfuvirales	shared	OG1645
family	AF_06	Asfuvirales	shared	OG1676
family	AF_06	Asfuvirales	shared	OG1707
family	AF_06	Asfuvirales	shared	OG1709
family	AF_06	Asfuvirales	shared	OG1710
family	AF_06	Asfuvirales	shared	OG1724
family	AF_06	Asfuvirales	shared	OG1758
family	AF_06	Asfuvirales	shared	OG1804
family	AF_06	Asfuvirales	shared	OG1821
family	AF_06	Asfuvirales	shared	OG1942
family	AF_06	Asfuvirales	shared	OG1943
family	AF_06	Asfuvirales	shared	OG2111
family	AF_06	Asfuvirales	shared	OG2243
family	AF_06	Asfuvirales	shared	OG2284
family	AF_06	Asfuvirales	shared	OG2350
family	AF_06	Asfuvirales	shared	OG2708
family	AF_06	Asfuvirales	shared	OG2922
family	AF_06	Asfuvirales	shared	OG3373
family	AF_06	Asfuvirales	shared	OG3600
family	AF_06	Asfuvirales	shared	OG3700
family	AF_06	Asfuvirales	accessory	OG1616
family	AF_06	Asfuvirales	accessory	OG2166
family	AF_06	Asfuvirales	accessory	OG3084
family	AF_06	Asfuvirales	accessory	OG3848
family	AG_01	Algavirales	shared	OG118
family	AG_01	Algavirales	shared	OG183
family	AG_01	Algavirales	shared	OG186
family	AG_01	Algavirales	shared	OG197
family	AG_01	Algavirales	shared	OG201
family	AG_01	Algavirales	shared	OG206
family	AG_01	Algavirales	shared	OG209
family	AG_01	Algavirales	shared	OG237
family	AG_01	Algavirales	shared	OG238
family	AG_01	Algavirales	shared	OG287
family	AG_01	Algavirales	shared	OG295
family	AG_01	Algavirales	shared	OG303
family	AG_01	Algavirales	shared	OG310
family	AG_01	Algavirales	shared	OG312
family	AG_01	Algavirales	shared	OG325
family	AG_01	Algavirales	shared	OG345
family	AG_01	Algavirales	shared	OG348
family	AG_01	Algavirales	shared	OG354
family	AG_01	Algavirales	shared	OG365
family	AG_01	Algavirales	shared	OG372
family	AG_01	Algavirales	shared	OG376
family	AG_01	Algavirales	shared	OG387
family	AG_01	Algavirales	shared	OG402
family	AG_01	Algavirales	shared	OG421
family	AG_01	Algavirales	shared	OG436
family	AG_01	Algavirales	shared	OG475
family	AG_01	Algavirales	shared	OG527
family	AG_01	Algavirales	shared	OG771
family	AG_01	Algavirales	shared	OG784
family	AG_01	Algavirales	shared	OG876
family	AG_01	Algavirales	shared	OG937
family	AG_01	Algavirales	accessory	OG122
family	AG_01	Algavirales	accessory	OG203
family	AG_01	Algavirales	accessory	OG347
family	AG_01	Algavirales	accessory	OG379
family	AG_01	Algavirales	accessory	OG389
family	AG_01	Algavirales	accessory	OG426
family	AG_01	Algavirales	accessory	OG462
family	AG_01	Algavirales	accessory	OG469
family	AG_01	Algavirales	accessory	OG500
family	AG_01	Algavirales	accessory	OG504
family	AG_01	Algavirales	accessory	OG81
family	AG_01	Algavirales	accessory	OG83
family	AG_01	Algavirales	accessory	OG892
family	AG_02	Algavirales	shared	OG186
family	AG_02	Algavirales	shared	OG201
family	AG_02	Algavirales	shared	OG203
family	AG_02	Algavirales	shared	OG206
family	AG_02	Algavirales	shared	OG209
family	AG_02	Algavirales	shared	OG238
family	AG_02	Algavirales	shared	OG310
family	AG_02	Algavirales	shared	OG325
family	AG_02	Algavirales	shared	OG365
family	AG_02	Algavirales	shared	OG389
family	AG_02	Algavirales	shared	OG402
family	AG_02	Algavirales	shared	OG475
family	AG_02	Algavirales	shared	OG500
family	AG_02	Algavirales	shared	OG876
family	AG_02	Algavirales	accessory	OG118
family	AG_02	Algavirales	accessory	OG197
family	AG_02	Algavirales	accessory	OG287
family	AG_02	Algavirales	accessory	OG295
family	AG_02	Algavirales	accessory	OG421
family	AG_02	Algavirales	accessory	OG440
family	AG_03	Algavirales	core	OG206
family	AG_03	Algavirales	core	OG310
family	AG_03	Algavirales	core	OG365
family	AG_03	Algavirales	core	OG475
family	AG_03	Algavirales	shared	OG186
family	AG_03	Algavirales	shared	OG203
family	AG_03	Algavirales	shared	OG209
family	AG_03	Algavirales	shared	OG238
family	AG_03	Algavirales	shared	OG295
family	AG_03	Algavirales	shared	OG325
family	AG_03	Algavirales	shared	OG347
family	AG_03	Algavirales	shared	OG376
family	AG_03	Algavirales	shared	OG389
family	AG_03	Algavirales	shared	OG402
family	AG_03	Algavirales	shared	OG436
family	AG_03	Algavirales	shared	OG500
family	AG_03	Algavirales	shared	OG771
family	AG_03	Algavirales	shared	OG876
family	AG_03	Algavirales	accessory	OG118
family	AG_03	Algavirales	accessory	OG83
family	AG_04	Algavirales	core	OG206
family	AG_04	Algavirales	shared	OG118
family	AG_04	Algavirales	shared	OG201
family	AG_04	Algavirales	shared	OG203
family	AG_04	Algavirales	shared	OG209
family	AG_04	Algavirales	shared	OG238
family	AG_04	Algavirales	shared	OG295
family	AG_04	Algavirales	shared	OG310
family	AG_04	Algavirales	shared	OG365
family	AG_04	Algavirales	shared	OG376
family	AG_04	Algavirales	shared	OG475
family	AG_04	Algavirales	shared	OG876
family	AG_04	Algavirales	accessory	OG122
family	AG_04	Algavirales	accessory	OG183
family	AG_04	Algavirales	accessory	OG186
family	AG_04	Algavirales	accessory	OG237
family	AG_04	Algavirales	accessory	OG287
family	AG_04	Algavirales	accessory	OG500
family	AG_incertae_sedis	Algavirales	core	OG186
family	AG_incertae_sedis	Algavirales	core	OG206
family	AG_incertae_sedis	Algavirales	core	OG209
family	AG_incertae_sedis	Algavirales	core	OG295
family	AG_incertae_sedis	Algavirales	core	OG325
family	AG_incertae_sedis	Algavirales	core	OG389
family	AG_incertae_sedis	Algavirales	core	OG402
family	AG_incertae_sedis	Algavirales	shared	OG118
family	AG_incertae_sedis	Algavirales	shared	OG122
family	AG_incertae_sedis	Algavirales	shared	OG238
family	AG_incertae_sedis	Algavirales	shared	OG245
family	AG_incertae_sedis	Algavirales	shared	OG303
family	AG_incertae_sedis	Algavirales	shared	OG310
family	AG_incertae_sedis	Algavirales	shared	OG365
family	AG_incertae_sedis	Algavirales	shared	OG426
family	AG_incertae_sedis	Algavirales	shared	OG475
family	AG_incertae_sedis	Algavirales	shared	OG500
family	AG_incertae_sedis	Algavirales	shared	OG527
family	AG_incertae_sedis	Algavirales	shared	OG771
family	AG_incertae_sedis	Algavirales	shared	OG83
family	AG_incertae_sedis	Algavirales	shared	OG876
family	Aincertae_sedis	Asfuvirales	core	OG1352
family	Aincertae_sedis	Asfuvirales	core	OG3587
family	Aincertae_sedis	Asfuvirales	shared	OG1242
family	Aincertae_sedis	Asfuvirales	shared	OG1490
family	Aincertae_sedis	Asfuvirales	shared	OG1657
family	Aincertae_sedis	Asfuvirales	shared	OG1676
family	Aincertae_sedis	Asfuvirales	shared	OG1710
family	Aincertae_sedis	Asfuvirales	shared	OG1831
family	Aincertae_sedis	Asfuvirales	shared	OG2166
family	IM_01	Imitervirales	shared	OG1
family	IM_01	Imitervirales	shared	OG12
family	IM_01	Imitervirales	shared	OG13
family	IM_01	Imitervirales	shared	OG17
family	IM_01	Imitervirales	shared	OG22
family	IM_01	Imitervirales	shared	OG3
family	IM_01	Imitervirales	shared	OG33
family	IM_01	Imitervirales	shared	OG36
family	IM_01	Imitervirales	shared	OG6
family	IM_01	Imitervirales	shared	OG7
family	IM_01	Imitervirales	accessory	OG10
family	IM_01	Imitervirales	accessory	OG11
family	IM_01	Imitervirales	accessory	OG14
family	IM_01	Imitervirales	accessory	OG15
family	IM_01	Imitervirales	accessory	OG16
family	IM_01	Imitervirales	accessory	OG23
family	IM_01	Imitervirales	accessory	OG24
family	IM_01	Imitervirales	accessory	OG27
family	IM_01	Imitervirales	accessory	OG28
family	IM_01	Imitervirales	accessory	OG30
family	IM_01	Imitervirales	accessory	OG34
family	IM_01	Imitervirales	accessory	OG37
family	IM_01	Imitervirales	accessory	OG38
family	IM_01	Imitervirales	accessory	OG45
family	IM_06	Imitervirales	shared	OG16
family	IM_06	Imitervirales	shared	OG6
family	IM_06	Imitervirales	accessory	OG1
family	IM_06	Imitervirales	accessory	OG13
family	IM_06	Imitervirales	accessory	OG15
family	IM_06	Imitervirales	accessory	OG19
family	IM_06	Imitervirales	accessory	OG22
family	IM_06	Imitervirales	accessory	OG3
family	IM_06	Imitervirales	accessory	OG45
family	IM_06	Imitervirales	accessory	OG5
family	IM_07	Imitervirales	shared	OG1
family	IM_07	Imitervirales	shared	OG17
family	IM_07	Imitervirales	accessory	OG10
family	IM_07	Imitervirales	accessory	OG13
family	IM_07	Imitervirales	accessory	OG15
family	IM_07	Imitervirales	accessory	OG16
family	IM_07	Imitervirales	accessory	OG3
family	IM_07	Imitervirales	accessory	OG37
family	IM_07	Imitervirales	accessory	OG38
family	IM_07	Imitervirales	accessory	OG45
family	IM_07	Imitervirales	accessory	OG6
family	IM_07	Imitervirales	accessory	OG7
family	IM_07	Imitervirales	accessory	OG9
family	IM_08	Imitervirales	shared	OG1
family	IM_08	Imitervirales	shared	OG17
family	IM_08	Imitervirales	accessory	OG10
family	IM_08	Imitervirales	accessory	OG13
family	IM_08	Imitervirales	accessory	OG15
family	IM_08	Imitervirales	accessory	OG16
family	IM_08	Imitervirales	accessory	OG22
family	IM_08	Imitervirales	accessory	OG27
family	IM_08	Imitervirales	accessory	OG3
family	IM_08	Imitervirales	accessory	OG30
family	IM_08	Imitervirales	accessory	OG37
family	IM_08	Imitervirales	accessory	OG45
family	IM_08	Imitervirales	accessory	OG6
family	IM_08	Imitervirales	accessory	OG7
family	IM_14	Imitervirales	shared	OG1
family	IM_14	Imitervirales	shared	OG13
family	IM_14	Imitervirales	accessory	OG15
family	IM_14	Imitervirales	accessory	OG22
family	IM_14	Imitervirales	accessory	OG3
family	IM_14	Imitervirales	accessory	OG33
family	IM_14	Imitervirales	accessory	OG36
family	IM_14	Imitervirales	accessory	OG37
family	IM_14	Imitervirales	accessory	OG6
family	IM_16	Imitervirales	shared	OG1
family	IM_16	Imitervirales	shared	OG22
family	IM_16	Imitervirales	shared	OG33
family	IM_16	Imitervirales	shared	OG36
family	IM_16	Imitervirales	accessory	OG13
family	IM_16	Imitervirales	accessory	OG17
family	IM_16	Imitervirales	accessory	OG3
family	IM_16	Imitervirales	accessory	OG37
family	IM_19	Imitervirales	shared	OG1
family	IM_19	Imitervirales	shared	OG10
family	IM_19	Imitervirales	shared	OG11
family	IM_19	Imitervirales	shared	OG13
family	IM_19	Imitervirales	shared	OG15
family	IM_19	Imitervirales	shared	OG16
family	IM_19	Imitervirales	shared	OG17
family	IM_19	Imitervirales	shared	OG22
family	IM_19	Imitervirales	shared	OG27
family	IM_19	Imitervirales	shared	OG3
family	IM_19	Imitervirales	shared	OG30
family	IM_19	Imitervirales	shared	OG38
family	IM_19	Imitervirales	shared	OG45
family	IM_19	Imitervirales	shared	OG5
family	IM_19	Imitervirales	shared	OG6
family	IM_19	Imitervirales	shared	OG7
family	IM_19	Imitervirales	accessory	OG23
family	IM_19	Imitervirales	accessory	OG26
family	IM_19	Imitervirales	accessory	OG34
family	IM_19	Imitervirales	accessory	OG37
family	IM_19	Imitervirales	accessory	OG9
family	IM_20	Imitervirales	shared	OG13
family	IM_20	Imitervirales	shared	OG15
family	IM_20	Imitervirales	shared	OG33
family	IM_20	Imitervirales	shared	OG6
family	IM_20	Imitervirales	accessory	OG1
family	IM_20	Imitervirales	accessory	OG10
family	IM_20	Imitervirales	accessory	OG14
family	IM_20	Imitervirales	accessory	OG16
family	IM_20	Imitervirales	accessory	OG27
family	IM_20	Imitervirales	accessory	OG3
family	IM_20	Imitervirales	accessory	OG45
family	IM_20	Imitervirales	accessory	OG7
family	IM_20	Imitervirales	accessory	OG9
family	IM_21	Imitervirales	shared	OG16
family	IM_21	Imitervirales	shared	OG17
family	IM_21	Imitervirales	shared	OG33
family	IM_21	Imitervirales	shared	OG36
family	IM_21	Imitervirales	accessory	OG1
family	IM_21	Imitervirales	accessory	OG13
family	IM_21	Imitervirales	accessory	OG3
family	IM_22	Imitervirales	core	OG33
family	IM_22	Imitervirales	core	OG36
family	IM_22	Imitervirales	accessory	OG1
family	IM_22	Imitervirales	accessory	OG10
family	IM_22	Imitervirales	accessory	OG17
family	IM_24	Imitervirales	shared	OG1
family	IM_24	Imitervirales	shared	OG13
family	IM_24	Imitervirales	shared	OG17
family	IM_24	Imitervirales	shared	OG22
family	IM_24	Imitervirales	shared	OG9
family	PM_01	Pimascovirales	shared	OG1026
family	PM_01	Pimascovirales	shared	OG1055
family	PM_01	Pimascovirales	shared	OG1094
family	PM_01	Pimascovirales	shared	OG169
family	PM_01	Pimascovirales	shared	OG375
family	PM_01	Pimascovirales	shared	OG448
family	PM_01	Pimascovirales	shared	OG482
family	PM_01	Pimascovirales	shared	OG484
family	PM_01	Pimascovirales	shared	OG526
family	PM_01	Pimascovirales	shared	OG541
family	PM_01	Pimascovirales	shared	OG542
family	PM_01	Pimascovirales	shared	OG581
family	PM_01	Pimascovirales	shared	OG612
family	PM_01	Pimascovirales	shared	OG634
family	PM_01	Pimascovirales	shared	OG658
family	PM_01	Pimascovirales	shared	OG714
family	PM_01	Pimascovirales	shared	OG736
family	PM_01	Pimascovirales	shared	OG742
family	PM_01	Pimascovirales	shared	OG762
family	PM_01	Pimascovirales	shared	OG769
family	PM_01	Pimascovirales	shared	OG774
family	PM_01	Pimascovirales	shared	OG786
family	PM_01	Pimascovirales	shared	OG787
family	PM_01	Pimascovirales	shared	OG800
family	PM_01	Pimascovirales	shared	OG834
family	PM_01	Pimascovirales	shared	OG875
family	PM_01	Pimascovirales	shared	OG884
family	PM_01	Pimascovirales	shared	OG901
family	PM_01	Pimascovirales	shared	OG920
family	PM_01	Pimascovirales	shared	OG955
family	PM_01	Pimascovirales	shared	OG965
family	PM_01	Pimascovirales	shared	OG975
family	PM_01	Pimascovirales	accessory	OG1035
family	PM_01	Pimascovirales	accessory	OG1063
family	PM_01	Pimascovirales	accessory	OG1086
family	PM_01	Pimascovirales	accessory	OG1164
family	PM_01	Pimascovirales	accessory	OG1180
family	PM_01	Pimascovirales	accessory	OG1204
family	PM_01	Pimascovirales	accessory	OG1217
family	PM_01	Pimascovirales	accessory	OG1232
family	PM_01	Pimascovirales	accessory	OG1269
family	PM_01	Pimascovirales	accessory	OG1305
family	PM_01	Pimascovirales	accessory	OG419
family	PM_01	Pimascovirales	accessory	OG489
family	PM_01	Pimascovirales	accessory	OG586
family	PM_01	Pimascovirales	accessory	OG825
family	PM_01	Pimascovirales	accessory	OG925
family	PM_01	Pimascovirales	accessory	OG989
family	PM_02	Pimascovirales	core	OG1086
family	PM_02	Pimascovirales	core	OG484
family	PM_02	Pimascovirales	core	OG787
family	PM_02	Pimascovirales	shared	OG1055
family	PM_02	Pimascovirales	shared	OG1094
family	PM_02	Pimascovirales	shared	OG375
family	PM_02	Pimascovirales	shared	OG419
family	PM_02	Pimascovirales	shared	OG448
family	PM_02	Pimascovirales	shared	OG526
family	PM_02	Pimascovirales	shared	OG541
family	PM_02	Pimascovirales	shared	OG581
family	PM_02	Pimascovirales	shared	OG742
family	PM_02	Pimascovirales	shared	OG834
family	PM_02	Pimascovirales	shared	OG875
family	PM_02	Pimascovirales	shared	OG975
family	PM_02	Pimascovirales	shared	OG989
family	PM_02	Pimascovirales	accessory	OG1063
family	PM_02	Pimascovirales	accessory	OG1232
family	PM_02	Pimascovirales	accessory	OG169
family	PM_02	Pimascovirales	accessory	OG482
family	PM_02	Pimascovirales	accessory	OG489
family	PM_02	Pimascovirales	accessory	OG714
family	PM_02	Pimascovirales	accessory	OG762
family	PM_02	Pimascovirales	accessory	OG774
family	PM_02	Pimascovirales	accessory	OG800
family	PM_02	Pimascovirales	accessory	OG825
family	PM_02	Pimascovirales	accessory	OG901
family	PM_03	Pimascovirales	core	OG1055
family	PM_03	Pimascovirales	core	OG787
family	PM_03	Pimascovirales	shared	OG1026
family	PM_03	Pimascovirales	shared	OG1063
family	PM_03	Pimascovirales	shared	OG1086
family	PM_03	Pimascovirales	shared	OG1094
family	PM_03	Pimascovirales	shared	OG1232
family	PM_03	Pimascovirales	shared	OG169
family	PM_03	Pimascovirales	shared	OG375
family	PM_03	Pimascovirales	shared	OG419
family	PM_03	Pimascovirales	shared	OG448
family	PM_03	Pimascovirales	shared	OG482
family	PM_03	Pimascovirales	shared	OG484
family	PM_03	Pimascovirales	shared	OG526
family	PM_03	Pimascovirales	shared	OG581
family	PM_03	Pimascovirales	shared	OG612
family	PM_03	Pimascovirales	shared	OG658
family	PM_03	Pimascovirales	shared	OG742
family	PM_03	Pimascovirales	shared	OG834
family	PM_03	Pimascovirales	shared	OG975
family	PM_03	Pimascovirales	accessory	OG1269
family	PM_03	Pimascovirales	accessory	OG489
family	PM_03	Pimascovirales	accessory	OG541
family	PM_03	Pimascovirales	accessory	OG714
family	PM_03	Pimascovirales	accessory	OG762
family	PM_03	Pimascovirales	accessory	OG774
family	PM_03	Pimascovirales	accessory	OG800
family	PM_03	Pimascovirales	accessory	OG825
family	PM_03	Pimascovirales	accessory	OG875
family	PM_03	Pimascovirales	accessory	OG920
family	PM_03	Pimascovirales	accessory	OG925
family	PM_03	Pimascovirales	accessory	OG965
family	PM_03	Pimascovirales	accessory	OG989
family	PM_04	Pimascovirales	shared	OG1055
family	PM_04	Pimascovirales	shared	OG1094
family	PM_04	Pimascovirales	shared	OG1180
family	PM_04	Pimascovirales	shared	OG169
family	PM_04	Pimascovirales	shared	OG375
family	PM_04	Pimascovirales	shared	OG419
family	PM_04	Pimascovirales	shared	OG448
family	PM_04	Pimascovirales	shared	OG482
family	PM_04	Pimascovirales	shared	OG484
family	PM_04	Pimascovirales	shared	OG541
family	PM_04	Pimascovirales	shared	OG581
family	PM_04	Pimascovirales	shared	OG586
family	PM_04	Pimascovirales	shared	OG612
family	PM_04	Pimascovirales	shared	OG634
family	PM_04	Pimascovirales	shared	OG658
family	PM_04	Pimascovirales	shared	OG736
family	PM_04	Pimascovirales	shared	OG742
family	PM_04	Pimascovirales	shared	OG762
family	PM_04	Pimascovirales	shared	OG769
family	PM_04	Pimascovirales	shared	OG786
family	PM_04	Pimascovirales	shared	OG787
family	PM_04	Pimascovirales	shared	OG825
family	PM_04	Pimascovirales	shared	OG834
family	PM_04	Pimascovirales	shared	OG875
family	PM_04	Pimascovirales	shared	OG901
family	PM_04	Pimascovirales	shared	OG920
family	PM_04	Pimascovirales	shared	OG965
family	PM_04	Pimascovirales	shared	OG989
family	PM_04	Pimascovirales	accessory	OG1063
family	PM_04	Pimascovirales	accessory	OG1086
family	PM_04	Pimascovirales	accessory	OG526
family	PM_04	Pimascovirales	accessory	OG542
family	PM_04	Pimascovirales	accessory	OG714
family	PM_04	Pimascovirales	accessory	OG955
family	PM_04	Pimascovirales	accessory	OG975
family	PM_05	Pimascovirales	shared	OG1055
family	PM_05	Pimascovirales	shared	OG169
family	PM_05	Pimascovirales	shared	OG375
family	PM_05	Pimascovirales	shared	OG526
family	PM_05	Pimascovirales	shared	OG581
family	PM_05	Pimascovirales	shared	OG786
family	PM_05	Pimascovirales	shared	OG800
family	PM_05	Pimascovirales	shared	OG825
family	PM_05	Pimascovirales	shared	OG989
family	PM_05	Pimascovirales	accessory	OG448
family	PM_05	Pimascovirales	accessory	OG742
family	PM_06	Pimascovirales	core	OG375
family	PM_06	Pimascovirales	core	OG448
family	PM_06	Pimascovirales	core	OG484
family	PM_06	Pimascovirales	core	OG581
family	PM_06	Pimascovirales	core	OG800
family	PM_06	Pimascovirales	shared	OG1055
family	PM_06	Pimascovirales	shared	OG1063
family	PM_06	Pimascovirales	shared	OG169
family	PM_06	Pimascovirales	shared	OG482
family	PM_06	Pimascovirales	shared	OG526
family	PM_06	Pimascovirales	shared	OG541
family	PM_06	Pimascovirales	shared	OG612
family	PM_06	Pimascovirales	shared	OG634
family	PM_06	Pimascovirales	shared	OG742
family	PM_06	Pimascovirales	shared	OG762
family	PM_06	Pimascovirales	shared	OG786
family	PM_06	Pimascovirales	shared	OG825
family	PM_06	Pimascovirales	shared	OG834
family	PM_06	Pimascovirales	shared	OG901
family	PM_06	Pimascovirales	shared	OG955
family	PM_06	Pimascovirales	shared	OG965
family	PM_06	Pimascovirales	shared	OG989
family	PM_06	Pimascovirales	accessory	OG1094
family	PM_06	Pimascovirales	accessory	OG1164
family	PM_06	Pimascovirales	accessory	OG1269
family	PM_06	Pimascovirales	accessory	OG586
family	PM_07	Pimascovirales	shared	OG1055
family	PM_07	Pimascovirales	shared	OG169
family	PM_07	Pimascovirales	shared	OG375
family	PM_07	Pimascovirales	shared	OG448
family	PM_07	Pimascovirales	shared	OG526
family	PM_07	Pimascovirales	shared	OG581
family	PM_07	Pimascovirales	shared	OG786
family	PM_07	Pimascovirales	shared	OG834
family	PM_07	Pimascovirales	shared	OG989
family	PM_07	Pimascovirales	accessory	OG419
family	PM_07	Pimascovirales	accessory	OG787
family	PM_07	Pimascovirales	accessory	OG800
family	PM_08	Pimascovirales	core	OG448
family	PM_08	Pimascovirales	core	OG581
family	PM_08	Pimascovirales	shared	OG375
family	PM_08	Pimascovirales	shared	OG484
family	PM_08	Pimascovirales	shared	OG541
family	PM_08	Pimascovirales	shared	OG786
family	PM_08	Pimascovirales	shared	OG787
family	PM_08	Pimascovirales	shared	OG989
family	PM_08	Pimascovirales	accessory	OG169
family	PM_08	Pimascovirales	accessory	OG419
family	PM_08	Pimascovirales	accessory	OG612
family	PM_08	Pimascovirales	accessory	OG834
family	PM_08	Pimascovirales	accessory	OG975
family	PM_09	Pimascovirales	core	OG1063
family	PM_09	Pimascovirales	shared	OG1094
family	PM_09	Pimascovirales	shared	OG1180
family	PM_09	Pimascovirales	shared	OG1269
family	PM_09	Pimascovirales	shared	OG169
family	PM_09	Pimascovirales	shared	OG482
family	PM_09	Pimascovirales	shared	OG484
family	PM_09	Pimascovirales	shared	OG541
family	PM_09	Pimascovirales	shared	OG586
family	PM_09	Pimascovirales	shared	OG612
family	PM_09	Pimascovirales	shared	OG769
family	PM_09	Pimascovirales	shared	OG800
family	PM_09	Pimascovirales	shared	OG989
family	PM_09	Pimascovirales	accessory	OG1055
family	PM_09	Pimascovirales	accessory	OG1086
family	PM_09	Pimascovirales	accessory	OG1164
family	PM_09	Pimascovirales	accessory	OG1305
family	PM_09	Pimascovirales	accessory	OG448
family	PM_09	Pimascovirales	accessory	OG526
family	PM_09	Pimascovirales	accessory	OG581
family	PM_09	Pimascovirales	accessory	OG658
family	PM_09	Pimascovirales	accessory	OG736
family	PM_09	Pimascovirales	accessory	OG742
family	PM_09	Pimascovirales	accessory	OG762
family	PM_09	Pimascovirales	accessory	OG786
family	PM_09	Pimascovirales	accessory	OG834
family	PM_09	Pimascovirales	accessory	OG955
family	PM_09	Pimascovirales	accessory	OG965
family	PM_09	Pimascovirales	accessory	OG975
family	PM_11	Pimascovirales	core	OG1063
family	PM_11	Pimascovirales	core	OG1094
family	PM_11	Pimascovirales	core	OG1269
family	PM_11	Pimascovirales	core	OG375
family	PM_11	Pimascovirales	core	OG419
family	PM_11	Pimascovirales	core	OG448
family	PM_11	Pimascovirales	core	OG484
family	PM_11	Pimascovirales	core	OG526
family	PM_11	Pimascovirales	core	OG581
family	PM_11	Pimascovirales	core	OG634
family	PM_11	Pimascovirales	core	OG658
family	PM_11	Pimascovirales	core	OG736
family	PM_11	Pimascovirales	core	OG825
family	PM_11	Pimascovirales	core	OG901
family	PM_11	Pimascovirales	shared	OG1026
family	PM_11	Pimascovirales	shared	OG1055
family	PM_11	Pimascovirales	shared	OG1086
family	PM_11	Pimascovirales	shared	OG1180
family	PM_11	Pimascovirales	shared	OG1217
family	PM_11	Pimascovirales	shared	OG1305
family	PM_11	Pimascovirales	shared	OG169
family	PM_11	Pimascovirales	shared	OG489
family	PM_11	Pimascovirales	shared	OG541
family	PM_11	Pimascovirales	shared	OG612
family	PM_11	Pimascovirales	shared	OG742
family	PM_11	Pimascovirales	shared	OG762
family	PM_11	Pimascovirales	shared	OG769
family	PM_11	Pimascovirales	shared	OG774
family	PM_11	Pimascovirales	shared	OG786
family	PM_11	Pimascovirales	shared	OG787
family	PM_11	Pimascovirales	shared	OG800
family	PM_11	Pimascovirales	shared	OG834
family	PM_11	Pimascovirales	shared	OG875
family	PM_11	Pimascovirales	shared	OG884
family	PM_11	Pimascovirales	shared	OG920
family	PM_11	Pimascovirales	shared	OG965
family	PM_11	Pimascovirales	shared	OG975
family	PM_12	Pimascovirales	core	OG1086
family	PM_12	Pimascovirales	core	OG169
family	PM_12	Pimascovirales	core	OG448
family	PM_12	Pimascovirales	core	OG800
family	PM_12	Pimascovirales	core	OG875
family	PM_12	Pimascovirales	shared	OG1094
family	PM_12	Pimascovirales	shared	OG375
family	PM_12	Pimascovirales	shared	OG419
family	PM_12	Pimascovirales	shared	OG484
family	PM_12	Pimascovirales	shared	OG541
family	PM_12	Pimascovirales	shared	OG787
family	PM_12	Pimascovirales	shared	OG834
family	PM_12	Pimascovirales	shared	OG925
family	PM_12	Pimascovirales	shared	OG955
family	PM_13	Pimascovirales	core	OG419
family	PM_13	Pimascovirales	core	OG484
family	PM_13	Pimascovirales	core	OG875
family	PM_13	Pimascovirales	core	OG965
family	PM_13	Pimascovirales	core	OG975
family	PM_13	Pimascovirales	shared	OG1026
family	PM_13	Pimascovirales	shared	OG1086
family	PM_13	Pimascovirales	shared	OG1094
family	PM_13	Pimascovirales	shared	OG169
family	PM_13	Pimascovirales	shared	OG375
family	PM_13	Pimascovirales	shared	OG448
family	PM_13	Pimascovirales	shared	OG482
family	PM_13	Pimascovirales	shared	OG489
family	PM_13	Pimascovirales	shared	OG526
family	PM_13	Pimascovirales	shared	OG541
family	PM_13	Pimascovirales	shared	OG542
family	PM_13	Pimascovirales	shared	OG581
family	PM_13	Pimascovirales	shared	OG612
family	PM_13	Pimascovirales	shared	OG634
family	PM_13	Pimascovirales	shared	OG658
family	PM_13	Pimascovirales	shared	OG714
family	PM_13	Pimascovirales	shared	OG736
family	PM_13	Pimascovirales	shared	OG742
family	PM_13	Pimascovirales	shared	OG769
family	PM_13	Pimascovirales	shared	OG774
family	PM_13	Pimascovirales	shared	OG786
family	PM_13	Pimascovirales	shared	OG787
family	PM_13	Pimascovirales	shared	OG800
family	PM_13	Pimascovirales	shared	OG825
family	PM_13	Pimascovirales	shared	OG834
family	PM_13	Pimascovirales	shared	OG901
family	PM_13	Pimascovirales	shared	OG920
family	PM_13	Pimascovirales	shared	OG925
family	PM_13	Pimascovirales	shared	OG989
family	PM_13	Pimascovirales	accessory	OG1035
family	PM_13	Pimascovirales	accessory	OG1055
family	PM_13	Pimascovirales	accessory	OG1063
family	PM_13	Pimascovirales	accessory	OG762
family	PM_13	Pimascovirales	accessory	OG955
family	PM_14	Pimascovirales	core	OG448
family	PM_14	Pimascovirales	core	OG484
family	PM_14	Pimascovirales	core	OG581
family	PM_14	Pimascovirales	shared	OG800
family	PM_14	Pimascovirales	accessory	OG375
family	PM_14	Pimascovirales	accessory	OG834
family	PM_incertae_sedis	Pimascovirales	core	OG581
family	PM_incertae_sedis	Pimascovirales	shared	OG1094
family	PM_incertae_sedis	Pimascovirales	shared	OG484
family	PM_incertae_sedis	Pimascovirales	shared	OG541
family	PM_incertae_sedis	Pimascovirales	shared	OG612
family	PM_incertae_sedis	Pimascovirales	shared	OG975
family	PM_incertae_sedis	Pimascovirales	accessory	OG1269
family	PM_incertae_sedis	Pimascovirales	accessory	OG169
family	PM_incertae_sedis	Pimascovirales	accessory	OG419
family	PM_incertae_sedis	Pimascovirales	accessory	OG482
family	PM_incertae_sedis	Pimascovirales	accessory	OG586
family	PM_incertae_sedis	Pimascovirales	accessory	OG634
family	PM_incertae_sedis	Pimascovirales	accessory	OG658
family	PM_incertae_sedis	Pimascovirales	accessory	OG742
family	PM_incertae_sedis	Pimascovirales	accessory	OG769
family	PM_incertae_sedis	Pimascovirales	accessory	OG786
family	PM_incertae_sedis	Pimascovirales	accessory	OG825
family	PM_incertae_sedis	Pimascovirales	accessory	OG834
family	PM_incertae_sedis	Pimascovirales	accessory	OG875
family	PM_incertae_sedis	Pimascovirales	accessory	OG989
family	PV_02	Pandoravirales	shared	OG4379
family	PV_02	Pandoravirales	shared	OG5944
family	PV_02	Pandoravirales	shared	OG5947
family	PV_02	Pandoravirales	shared	OG5977
family	PV_02	Pandoravirales	accessory	OG5283
family	PV_02	Pandoravirales	accessory	OG5849
family	PV_04	Pandoravirales	core	OG4118
family	PV_04	Pandoravirales	core	OG4379
family	PV_04	Pandoravirales	core	OG5821
family	PV_04	Pandoravirales	core	OG5944
family	PV_04	Pandoravirales	core	OG5947
family	PV_04	Pandoravirales	core	OG5977
family	PV_04	Pandoravirales	core	OG6117
family	PV_04	Pandoravirales	shared	OG4628
family	PV_05	Pandoravirales	shared	OG4379
family	PV_05	Pandoravirales	shared	OG5517
family	PV_05	Pandoravirales	shared	OG5849
family	PV_05	Pandoravirales	shared	OG5944
family	PV_05	Pandoravirales	shared	OG5947
family	PV_05	Pandoravirales	shared	OG6117
family	PV_05	Pandoravirales	accessory	OG4118
family	PV_05	Pandoravirales	accessory	OG5977
family	PV_06	Pandoravirales	shared	OG4379
family	PV_06	Pandoravirales	shared	OG5849
family	PV_06	Pandoravirales	shared	OG5944
family	PV_06	Pandoravirales	shared	OG5947
family	PV_06	Pandoravirales	accessory	OG5283
family	PV_06	Pandoravirales	accessory	OG5517
family	PV_06	Pandoravirales	accessory	OG5821
family	PV_06	Pandoravirales	accessory	OG5977
family	PV_06	Pandoravirales	accessory	OG6117
family	PV_07	Pandoravirales	shared	OG4379
family	PV_07	Pandoravirales	shared	OG5944
family	PV_07	Pandoravirales	accessory	OG5283
family	PV_07	Pandoravirales	accessory	OG5821
family	PV_07	Pandoravirales	accessory	OG5977
family	PV_07	Pandoravirales	accessory	OG6117
family	PV_08	Pandoravirales	shared	OG4379
family	PV_08	Pandoravirales	shared	OG5849
family	PV_08	Pandoravirales	shared	OG5944
family	PV_08	Pandoravirales	shared	OG5947
family	PV_08	Pandoravirales	shared	OG5977
family	PV_08	Pandoravirales	accessory	OG5283
family	PV_08	Pandoravirales	accessory	OG5517
family	PV_08	Pandoravirales	accessory	OG5821
family	PV_08	Pandoravirales	accessory	OG6117
family	PV_incertae_sedis	Pandoravirales	core	OG5944
family	PV_incertae_sedis	Pandoravirales	shared	OG4379
family	PV_incertae_sedis	Pandoravirales	shared	OG5821
family	PV_incertae_sedis	Pandoravirales	shared	OG5849
family	PV_incertae_sedis	Pandoravirales	accessory	OG5947
family	PV_incertae_sedis	Pandoravirales	accessory	OG5977
family	PX_01	Chitovirales	core	OG4974
family	PX_01	Chitovirales	core	OG5907
family	PX_01	Chitovirales	core	OG5937
family	PX_01	Chitovirales	core	OG5938
family	PX_01	Chitovirales	core	OG5939
family	PX_01	Chitovirales	core	OG5940
family	PX_01	Chitovirales	core	OG5941
family	PX_01	Chitovirales	core	OG5942
family	PX_01	Chitovirales	core	OG5943
family	PX_01	Chitovirales	core	OG5945
family	PX_01	Chitovirales	core	OG5946
family	PX_01	Chitovirales	core	OG5950
family	PX_01	Chitovirales	core	OG5952
family	PX_01	Chitovirales	core	OG5954
family	PX_01	Chitovirales	core	OG5956
family	PX_01	Chitovirales	core	OG5958
family	PX_01	Chitovirales	core	OG5965
family	PX_01	Chitovirales	core	OG5966
family	PX_01	Chitovirales	core	OG5980
family	PX_01	Chitovirales	core	OG5995
family	PX_01	Chitovirales	core	OG6000
family	PX_01	Chitovirales	core	OG6099
family	PX_01	Chitovirales	core	OG6114
family	PX_01	Chitovirales	core	OG6129
family	PX_01	Chitovirales	core	OG6204
family	PX_01	Chitovirales	core	OG6208
family	PX_01	Chitovirales	core	OG6246
family	PX_01	Chitovirales	core	OG6248
family	PX_01	Chitovirales	core	OG6292
family	PX_01	Chitovirales	core	OG6383
family	PX_01	Chitovirales	core	OG6389
family	PX_01	Chitovirales	core	OG6396
family	PX_01	Chitovirales	core	OG6674
family	PX_01	Chitovirales	core	OG6685
family	PX_01	Chitovirales	core	OG6794
family	PX_01	Chitovirales	core	OG6818
family	PX_01	Chitovirales	core	OG9378
family	PX_01	Chitovirales	core	OG960
family	PX_01	Chitovirales	shared	OG10108
family	PX_01	Chitovirales	shared	OG10163
family	PX_01	Chitovirales	shared	OG16493
family	PX_01	Chitovirales	shared	OG19209
family	PX_01	Chitovirales	shared	OG6702
family	PX_01	Chitovirales	shared	OG6795
family	PX_01	Chitovirales	shared	OG6796
family	PX_01	Chitovirales	shared	OG6799
family	PX_01	Chitovirales	shared	OG6804
family	PX_01	Chitovirales	shared	OG6813
family	PX_01	Chitovirales	shared	OG6832
family	PX_01	Chitovirales	shared	OG6833
family	PX_01	Chitovirales	shared	OG6848
family	PX_01	Chitovirales	shared	OG6948
family	PX_01	Chitovirales	shared	OG7105
family	PX_01	Chitovirales	shared	OG7106
family	PX_01	Chitovirales	shared	OG7107
family	PX_01	Chitovirales	shared	OG7108
family	PX_01	Chitovirales	shared	OG7109
family	PX_01	Chitovirales	shared	OG7110
family	PX_01	Chitovirales	shared	OG7111
family	PX_01	Chitovirales	shared	OG7112
family	PX_01	Chitovirales	shared	OG7113
family	PX_01	Chitovirales	shared	OG7114
family	PX_01	Chitovirales	shared	OG7121
family	PX_01	Chitovirales	shared	OG7123
family	PX_01	Chitovirales	shared	OG7125
family	PX_01	Chitovirales	shared	OG7135
family	PX_01	Chitovirales	shared	OG7138
family	PX_01	Chitovirales	shared	OG7143
family	PX_01	Chitovirales	shared	OG7176
family	PX_01	Chitovirales	shared	OG7177
family	PX_01	Chitovirales	shared	OG7279
family	PX_01	Chitovirales	shared	OG7282
family	PX_01	Chitovirales	shared	OG7353
family	PX_01	Chitovirales	shared	OG7460
family	PX_01	Chitovirales	shared	OG7462
family	PX_01	Chitovirales	shared	OG7481
family	PX_01	Chitovirales	shared	OG7494
family	PX_01	Chitovirales	shared	OG7507
family	PX_01	Chitovirales	shared	OG7510
family	PX_01	Chitovirales	shared	OG7528
family	PX_01	Chitovirales	shared	OG7532
family	PX_01	Chitovirales	shared	OG7658
family	PX_01	Chitovirales	shared	OG7672
family	PX_01	Chitovirales	shared	OG7864
family	PX_01	Chitovirales	shared	OG8000
family	PX_01	Chitovirales	shared	OG8001
family	PX_01	Chitovirales	shared	OG8245
family	PX_01	Chitovirales	shared	OG8482
family	PX_01	Chitovirales	shared	OG8768
family	PX_01	Chitovirales	shared	OG9007
family	PX_01	Chitovirales	shared	OG9233
family	PX_01	Chitovirales	shared	OG9514
family	PX_01	Chitovirales	accessory	OG10083
family	PX_01	Chitovirales	accessory	OG10161
family	PX_01	Chitovirales	accessory	OG10505
family	PX_01	Chitovirales	accessory	OG11118
family	PX_01	Chitovirales	accessory	OG11191
family	PX_01	Chitovirales	accessory	OG11371
family	PX_01	Chitovirales	accessory	OG130
family	PX_01	Chitovirales	accessory	OG14026
family	PX_01	Chitovirales	accessory	OG15192
family	PX_01	Chitovirales	accessory	OG9172
family	PX_01	Chitovirales	accessory	OG9392
family	PX_01	Chitovirales	accessory	OG9427
family	SI_01	split_Imitervirales	core	OG3465
family	SI_01	split_Imitervirales	core	OG4599
family	SI_01	split_Imitervirales	core	OG59
family	SI_01	split_Imitervirales	shared	OG1357
family	SI_01	split_Imitervirales	shared	OG276
family	SI_01	split_Imitervirales	shared	OG299
family	SI_01	split_Imitervirales	shared	OG3490
family	SI_01	split_Imitervirales	shared	OG4547
family	SI_01	split_Imitervirales	shared	OG4799
family	SI_01	split_Imitervirales	shared	OG4821
family	SI_01	split_Imitervirales	shared	OG503
family	SI_01	split_Imitervirales	shared	OG5115
family	SI_01	split_Imitervirales	shared	OG5155
family	SI_01	split_Imitervirales	shared	OG5160
family	SI_01	split_Imitervirales	shared	OG5198
family	SI_01	split_Imitervirales	shared	OG5423
family	SI_01	split_Imitervirales	shared	OG5478
family	SI_01	split_Imitervirales	shared	OG5873
family	SI_01	split_Imitervirales	shared	OG5951
family	SI_01	split_Imitervirales	shared	OG6558
family	SI_01	split_Imitervirales	shared	OG6704
family	SI_01	split_Imitervirales	shared	OG809
family	SI_01	split_Imitervirales	shared	OG8381
family	SI_02	split_Imitervirales	core	OG10020
family	SI_02	split_Imitervirales	core	OG10514
family	SI_02	split_Imitervirales	core	OG299
family	SI_02	split_Imitervirales	core	OG5478
family	SI_02	split_Imitervirales	core	OG6041
family	SI_02	split_Imitervirales	core	OG6151
family	SI_02	split_Imitervirales	core	OG6173
family	SI_02	split_Imitervirales	core	OG918
family	SI_02	split_Imitervirales	shared	OG114
family	SI_02	split_Imitervirales	shared	OG242
family	SI_02	split_Imitervirales	shared	OG276
family	SI_02	split_Imitervirales	shared	OG2843
family	SI_02	split_Imitervirales	shared	OG3465
family	SI_02	split_Imitervirales	shared	OG3490
family	SI_02	split_Imitervirales	shared	OG3842
family	SI_02	split_Imitervirales	shared	OG4201
family	SI_02	split_Imitervirales	shared	OG4281
family	SI_02	split_Imitervirales	shared	OG4821
family	SI_02	split_Imitervirales	shared	OG5005
family	SI_02	split_Imitervirales	shared	OG5160
family	SI_02	split_Imitervirales	shared	OG5208
family	SI_02	split_Imitervirales	shared	OG5414
family	SI_02	split_Imitervirales	shared	OG5873
family	SI_02	split_Imitervirales	shared	OG5951
family	SI_02	split_Imitervirales	shared	OG6034
family	SI_02	split_Imitervirales	shared	OG8330
family	SI_02	split_Imitervirales	accessory	OG1098
family	SI_02	split_Imitervirales	accessory	OG1891
family	SI_02	split_Imitervirales	accessory	OG2605
family	SI_02	split_Imitervirales	accessory	OG267
family	SI_02	split_Imitervirales	accessory	OG270
family	SI_02	split_Imitervirales	accessory	OG3596
family	SI_02	split_Imitervirales	accessory	OG4001
family	SI_02	split_Imitervirales	accessory	OG4207
family	SI_02	split_Imitervirales	accessory	OG4547
family	SI_02	split_Imitervirales	accessory	OG4615
family	SI_02	split_Imitervirales	accessory	OG4899
family	SI_02	split_Imitervirales	accessory	OG5023
family	SI_02	split_Imitervirales	accessory	OG5095
family	SI_02	split_Imitervirales	accessory	OG5311
family	SI_02	split_Imitervirales	accessory	OG5423
family	SI_02	split_Imitervirales	accessory	OG5860
family	SI_02	split_Imitervirales	accessory	OG6097
family	SI_02	split_Imitervirales	accessory	OG7614
family	SI_02	split_Imitervirales	accessory	OG809
family	SI_02	split_Imitervirales	accessory	OG8381
family	SI_18	split_Imitervirales	core	OG10020
family	SI_18	split_Imitervirales	core	OG10514
family	SI_18	split_Imitervirales	core	OG2843
family	SI_18	split_Imitervirales	core	OG5478
family	SI_18	split_Imitervirales	core	OG6041
family	SI_18	split_Imitervirales	shared	OG114
family	SI_18	split_Imitervirales	shared	OG2081
family	SI_18	split_Imitervirales	shared	OG2428
family	SI_18	split_Imitervirales	shared	OG267
family	SI_18	split_Imitervirales	shared	OG270
family	SI_18	split_Imitervirales	shared	OG276
family	SI_18	split_Imitervirales	shared	OG3465
family	SI_18	split_Imitervirales	shared	OG3490
family	SI_18	split_Imitervirales	shared	OG4001
family	SI_18	split_Imitervirales	shared	OG4124
family	SI_18	split_Imitervirales	shared	OG4181
family	SI_18	split_Imitervirales	shared	OG4201
family	SI_18	split_Imitervirales	shared	OG4207
family	SI_18	split_Imitervirales	shared	OG4281
family	SI_18	split_Imitervirales	shared	OG4547
family	SI_18	split_Imitervirales	shared	OG4615
family	SI_18	split_Imitervirales	shared	OG4797
family	SI_18	split_Imitervirales	shared	OG4799
family	SI_18	split_Imitervirales	shared	OG4821
family	SI_18	split_Imitervirales	shared	OG4899
family	SI_18	split_Imitervirales	shared	OG5095
family	SI_18	split_Imitervirales	shared	OG5115
family	SI_18	split_Imitervirales	shared	OG5160
family	SI_18	split_Imitervirales	shared	OG5198
family	SI_18	split_Imitervirales	shared	OG5208
family	SI_18	split_Imitervirales	shared	OG5401
family	SI_18	split_Imitervirales	shared	OG5414
family	SI_18	split_Imitervirales	shared	OG5423
family	SI_18	split_Imitervirales	shared	OG5703
family	SI_18	split_Imitervirales	shared	OG5761
family	SI_18	split_Imitervirales	shared	OG5860
family	SI_18	split_Imitervirales	shared	OG5873
family	SI_18	split_Imitervirales	shared	OG6034
family	SI_18	split_Imitervirales	shared	OG6151
family	SI_18	split_Imitervirales	shared	OG809
family	SI_18	split_Imitervirales	shared	OG8381
family	SI_18	split_Imitervirales	accessory	OG1891
family	SI_18	split_Imitervirales	accessory	OG242
family	SI_18	split_Imitervirales	accessory	OG299
family	SI_18	split_Imitervirales	accessory	OG3060
family	SI_18	split_Imitervirales	accessory	OG3596
family	SI_18	split_Imitervirales	accessory	OG3696
family	SI_18	split_Imitervirales	accessory	OG3842
family	SI_18	split_Imitervirales	accessory	OG4599
family	SI_18	split_Imitervirales	accessory	OG4641
family	SI_18	split_Imitervirales	accessory	OG5005
family	SI_18	split_Imitervirales	accessory	OG503
family	SI_18	split_Imitervirales	accessory	OG5155
family	SI_18	split_Imitervirales	accessory	OG5299
family	SI_18	split_Imitervirales	accessory	OG5311
family	SI_18	split_Imitervirales	accessory	OG5421
family	SI_18	split_Imitervirales	accessory	OG5584
family	SI_18	split_Imitervirales	accessory	OG5658
family	SI_18	split_Imitervirales	accessory	OG5660
family	SI_18	split_Imitervirales	accessory	OG5686
family	SI_18	split_Imitervirales	accessory	OG5776
family	SI_18	split_Imitervirales	accessory	OG5828
family	SI_18	split_Imitervirales	accessory	OG5931
family	SI_18	split_Imitervirales	accessory	OG5935
family	SI_18	split_Imitervirales	accessory	OG5951
family	SI_18	split_Imitervirales	accessory	OG6015
family	SI_18	split_Imitervirales	accessory	OG6024
family	SI_18	split_Imitervirales	accessory	OG6097
family	SI_18	split_Imitervirales	accessory	OG6142
family	SI_18	split_Imitervirales	accessory	OG6225
family	SI_18	split_Imitervirales	accessory	OG6258
family	SI_18	split_Imitervirales	accessory	OG6481
family	SI_18	split_Imitervirales	accessory	OG6520
family	SI_18	split_Imitervirales	accessory	OG6558
family	SI_18	split_Imitervirales	accessory	OG6561
family	SI_18	split_Imitervirales	accessory	OG667
family	SI_18	split_Imitervirales	accessory	OG6684
family	SI_18	split_Imitervirales	accessory	OG6734
family	SI_18	split_Imitervirales	accessory	OG6760
family	SI_18	split_Imitervirales	accessory	OG6785
family	SI_18	split_Imitervirales	accessory	OG6872
family	SI_18	split_Imitervirales	accessory	OG6881
family	SI_18	split_Imitervirales	accessory	OG7065
family	SI_18	split_Imitervirales	accessory	OG7182
family	SI_18	split_Imitervirales	accessory	OG7235
family	SI_18	split_Imitervirales	accessory	OG918
family	SI_18	split_Imitervirales	accessory	OG9688
family	basal_chitovirales	basal_chitovirales	core	OG34261
family	basal_chitovirales	basal_chitovirales	core	OG36377
family	basal_chitovirales	basal_chitovirales	core	OG48357
family	basal_chitovirales	basal_chitovirales	core	OG48360
family	basal_chitovirales	basal_chitovirales	shared	OG41908
family	basal_chitovirales	basal_chitovirales	shared	OG41909
family	basal_chitovirales	basal_chitovirales	shared	OG48358
family	basal_chitovirales	basal_chitovirales	shared	OG48359
family	basal_chitovirales	basal_chitovirales	shared	OG55163
family	f_	Algavirales	shared	OG201
family	f_	Algavirales	shared	OG209
family	f_	Algavirales	shared	OG238
family	f_	Algavirales	accessory	OG206
family	f_	Algavirales	accessory	OG237
family	f_	Algavirales	accessory	OG295
family	f_	Algavirales	accessory	OG365
family	f_	Algavirales	accessory	OG475
family	f_	Algavirales	accessory	OG771
family	f_	Algavirales	accessory	OG876
family	f_	Asfuvirales	core	OG1352
family	f_	Asfuvirales	core	OG3587
family	f_	Asfuvirales	shared	OG2166
family	f_	Asfuvirales	accessory	OG1242
family	f_	Asfuvirales	accessory	OG1490
family	f_	Asfuvirales	accessory	OG1614
family	f_	Asfuvirales	accessory	OG1657
family	f_	Asfuvirales	accessory	OG1709
family	f_	Asfuvirales	accessory	OG1831
family	f_	Asfuvirales	accessory	OG3848
order	Algavirales	Algavirales	shared	OG118
order	Algavirales	Algavirales	shared	OG186
order	Algavirales	Algavirales	shared	OG201
order	Algavirales	Algavirales	shared	OG206
order	Algavirales	Algavirales	shared	OG209
order	Algavirales	Algavirales	shared	OG237
order	Algavirales	Algavirales	shared	OG238
order	Algavirales	Algavirales	shared	OG295
order	Algavirales	Algavirales	shared	OG310
order	Algavirales	Algavirales	shared	OG365
order	Algavirales	Algavirales	shared	OG376
order	Algavirales	Algavirales	shared	OG402
order	Algavirales	Algavirales	shared	OG475
order	Algavirales	Algavirales	shared	OG771
order	Algavirales	Algavirales	shared	OG876
order	Algavirales	Algavirales	accessory	OG183
order	Algavirales	Algavirales	accessory	OG197
order	Algavirales	Algavirales	accessory	OG203
order	Algavirales	Algavirales	accessory	OG287
order	Algavirales	Algavirales	accessory	OG303
order	Algavirales	Algavirales	accessory	OG312
order	Algavirales	Algavirales	accessory	OG325
order	Algavirales	Algavirales	accessory	OG345
order	Algavirales	Algavirales	accessory	OG347
order	Algavirales	Algavirales	accessory	OG348
order	Algavirales	Algavirales	accessory	OG354
order	Algavirales	Algavirales	accessory	OG372
order	Algavirales	Algavirales	accessory	OG387
order	Algavirales	Algavirales	accessory	OG389
order	Algavirales	Algavirales	accessory	OG421
order	Algavirales	Algavirales	accessory	OG436
order	Algavirales	Algavirales	accessory	OG500
order	Algavirales	Algavirales	accessory	OG527
order	Algavirales	Algavirales	accessory	OG937
order	Asfuvirales	Asfuvirales	shared	OG1190
order	Asfuvirales	Asfuvirales	shared	OG1242
order	Asfuvirales	Asfuvirales	shared	OG1352
order	Asfuvirales	Asfuvirales	shared	OG1395
order	Asfuvirales	Asfuvirales	shared	OG1490
order	Asfuvirales	Asfuvirales	shared	OG1537
order	Asfuvirales	Asfuvirales	shared	OG1614
order	Asfuvirales	Asfuvirales	shared	OG1645
order	Asfuvirales	Asfuvirales	shared	OG1657
order	Asfuvirales	Asfuvirales	shared	OG1709
order	Asfuvirales	Asfuvirales	shared	OG1710
order	Asfuvirales	Asfuvirales	shared	OG1821
order	Asfuvirales	Asfuvirales	shared	OG1831
order	Asfuvirales	Asfuvirales	shared	OG2284
order	Asfuvirales	Asfuvirales	shared	OG3084
order	Asfuvirales	Asfuvirales	shared	OG3587
order	Asfuvirales	Asfuvirales	accessory	OG1340
order	Asfuvirales	Asfuvirales	accessory	OG1435
order	Asfuvirales	Asfuvirales	accessory	OG1616
order	Asfuvirales	Asfuvirales	accessory	OG1676
order	Asfuvirales	Asfuvirales	accessory	OG1684
order	Asfuvirales	Asfuvirales	accessory	OG1707
order	Asfuvirales	Asfuvirales	accessory	OG1758
order	Asfuvirales	Asfuvirales	accessory	OG1804
order	Asfuvirales	Asfuvirales	accessory	OG1942
order	Asfuvirales	Asfuvirales	accessory	OG1943
order	Asfuvirales	Asfuvirales	accessory	OG2166
order	Asfuvirales	Asfuvirales	accessory	OG2350
order	Asfuvirales	Asfuvirales	accessory	OG2527
order	Asfuvirales	Asfuvirales	accessory	OG2922
order	Asfuvirales	Asfuvirales	accessory	OG2924
order	Asfuvirales	Asfuvirales	accessory	OG3700
order	Chitovirales	Chitovirales	core	OG4974
order	Chitovirales	Chitovirales	core	OG5907
order	Chitovirales	Chitovirales	core	OG5937
order	Chitovirales	Chitovirales	core	OG5938
order	Chitovirales	Chitovirales	core	OG5939
order	Chitovirales	Chitovirales	core	OG5940
order	Chitovirales	Chitovirales	core	OG5941
order	Chitovirales	Chitovirales	core	OG5942
order	Chitovirales	Chitovirales	core	OG5943
order	Chitovirales	Chitovirales	core	OG5945
order	Chitovirales	Chitovirales	core	OG5946
order	Chitovirales	Chitovirales	core	OG5950
order	Chitovirales	Chitovirales	core	OG5952
order	Chitovirales	Chitovirales	core	OG5954
order	Chitovirales	Chitovirales	core	OG5956
order	Chitovirales	Chitovirales	core	OG5958
order	Chitovirales	Chitovirales	core	OG5965
order	Chitovirales	Chitovirales	core	OG5966
order	Chitovirales	Chitovirales	core	OG5980
order	Chitovirales	Chitovirales	core	OG5995
order	Chitovirales	Chitovirales	core	OG6000
order	Chitovirales	Chitovirales	core	OG6099
order	Chitovirales	Chitovirales	core	OG6114
order	Chitovirales	Chitovirales	core	OG6129
order	Chitovirales	Chitovirales	core	OG6204
order	Chitovirales	Chitovirales	core	OG6208
order	Chitovirales	Chitovirales	core	OG6246
order	Chitovirales	Chitovirales	core	OG6248
order	Chitovirales	Chitovirales	core	OG6292
order	Chitovirales	Chitovirales	core	OG6383
order	Chitovirales	Chitovirales	core	OG6389
order	Chitovirales	Chitovirales	core	OG6396
order	Chitovirales	Chitovirales	core	OG6674
order	Chitovirales	Chitovirales	core	OG6685
order	Chitovirales	Chitovirales	core	OG6794
order	Chitovirales	Chitovirales	core	OG6818
order	Chitovirales	Chitovirales	core	OG9378
order	Chitovirales	Chitovirales	core	OG960
order	Chitovirales	Chitovirales	shared	OG10108
order	Chitovirales	Chitovirales	shared	OG10163
order	Chitovirales	Chitovirales	shared	OG16493
order	Chitovirales	Chitovirales	shared	OG19209
order	Chitovirales	Chitovirales	shared	OG6702
order	Chitovirales	Chitovirales	shared	OG6795
order	Chitovirales	Chitovirales	shared	OG6796
order	Chitovirales	Chitovirales	shared	OG6799
order	Chitovirales	Chitovirales	shared	OG6804
order	Chitovirales	Chitovirales	shared	OG6813
order	Chitovirales	Chitovirales	shared	OG6832
order	Chitovirales	Chitovirales	shared	OG6833
order	Chitovirales	Chitovirales	shared	OG6848
order	Chitovirales	Chitovirales	shared	OG6948
order	Chitovirales	Chitovirales	shared	OG7105
order	Chitovirales	Chitovirales	shared	OG7106
order	Chitovirales	Chitovirales	shared	OG7107
order	Chitovirales	Chitovirales	shared	OG7108
order	Chitovirales	Chitovirales	shared	OG7109
order	Chitovirales	Chitovirales	shared	OG7110
order	Chitovirales	Chitovirales	shared	OG7111
order	Chitovirales	Chitovirales	shared	OG7112
order	Chitovirales	Chitovirales	shared	OG7113
order	Chitovirales	Chitovirales	shared	OG7114
order	Chitovirales	Chitovirales	shared	OG7121
order	Chitovirales	Chitovirales	shared	OG7123
order	Chitovirales	Chitovirales	shared	OG7125
order	Chitovirales	Chitovirales	shared	OG7135
order	Chitovirales	Chitovirales	shared	OG7138
order	Chitovirales	Chitovirales	shared	OG7143
order	Chitovirales	Chitovirales	shared	OG7176
order	Chitovirales	Chitovirales	shared	OG7177
order	Chitovirales	Chitovirales	shared	OG7279
order	Chitovirales	Chitovirales	shared	OG7282
order	Chitovirales	Chitovirales	shared	OG7353
order	Chitovirales	Chitovirales	shared	OG7460
order	Chitovirales	Chitovirales	shared	OG7462
order	Chitovirales	Chitovirales	shared	OG7481
order	Chitovirales	Chitovirales	shared	OG7494
order	Chitovirales	Chitovirales	shared	OG7507
order	Chitovirales	Chitovirales	shared	OG7510
order	Chitovirales	Chitovirales	shared	OG7528
order	Chitovirales	Chitovirales	shared	OG7532
order	Chitovirales	Chitovirales	shared	OG7658
order	Chitovirales	Chitovirales	shared	OG7672
order	Chitovirales	Chitovirales	shared	OG7864
order	Chitovirales	Chitovirales	shared	OG8000
order	Chitovirales	Chitovirales	shared	OG8001
order	Chitovirales	Chitovirales	shared	OG8245
order	Chitovirales	Chitovirales	shared	OG8482
order	Chitovirales	Chitovirales	shared	OG8768
order	Chitovirales	Chitovirales	shared	OG9007
order	Chitovirales	Chitovirales	shared	OG9233
order	Chitovirales	Chitovirales	shared	OG9514
order	Chitovirales	Chitovirales	accessory	OG10083
order	Chitovirales	Chitovirales	accessory	OG10161
order	Chitovirales	Chitovirales	accessory	OG10505
order	Chitovirales	Chitovirales	accessory	OG11118
order	Chitovirales	Chitovirales	accessory	OG11191
order	Chitovirales	Chitovirales	accessory	OG11371
order	Chitovirales	Chitovirales	accessory	OG130
order	Chitovirales	Chitovirales	accessory	OG14026
order	Chitovirales	Chitovirales	accessory	OG15192
order	Chitovirales	Chitovirales	accessory	OG9172
order	Chitovirales	Chitovirales	accessory	OG9392
order	Chitovirales	Chitovirales	accessory	OG9427
order	Imitervirales	Imitervirales	shared	OG1
order	Imitervirales	Imitervirales	shared	OG3
order	Imitervirales	Imitervirales	accessory	OG10
order	Imitervirales	Imitervirales	accessory	OG13
order	Imitervirales	Imitervirales	accessory	OG15
order	Imitervirales	Imitervirales	accessory	OG16
order	Imitervirales	Imitervirales	accessory	OG17
order	Imitervirales	Imitervirales	accessory	OG22
order	Imitervirales	Imitervirales	accessory	OG23
order	Imitervirales	Imitervirales	accessory	OG27
order	Imitervirales	Imitervirales	accessory	OG33
order	Imitervirales	Imitervirales	accessory	OG36
order	Imitervirales	Imitervirales	accessory	OG37
order	Imitervirales	Imitervirales	accessory	OG45
order	Imitervirales	Imitervirales	accessory	OG6
order	Imitervirales	Imitervirales	accessory	OG7
order	MIRUS	MIRUS	shared	OG1421
order	MIRUS	MIRUS	accessory	OG1249
order	MIRUS	MIRUS	accessory	OG1407
order	MIRUS	MIRUS	accessory	OG1419
order	MIRUS	MIRUS	accessory	OG1477
order	MIRUS	MIRUS	accessory	OG1515
order	MIRUS	MIRUS	accessory	OG1552
order	MIRUS	MIRUS	accessory	OG1608
order	MIRUS	MIRUS	accessory	OG1683
order	MIRUS	MIRUS	accessory	OG1688
order	MIRUS	MIRUS	accessory	OG1780
order	Pandoravirales	Pandoravirales	shared	OG4379
order	Pandoravirales	Pandoravirales	shared	OG5944
order	Pandoravirales	Pandoravirales	accessory	OG5849
order	Pandoravirales	Pandoravirales	accessory	OG5947
order	Pandoravirales	Pandoravirales	accessory	OG5977
order	Pandoravirales	Pandoravirales	accessory	OG6117
order	Pimascovirales	Pimascovirales	shared	OG1055
order	Pimascovirales	Pimascovirales	shared	OG169
order	Pimascovirales	Pimascovirales	shared	OG375
order	Pimascovirales	Pimascovirales	shared	OG448
order	Pimascovirales	Pimascovirales	shared	OG484
order	Pimascovirales	Pimascovirales	shared	OG526
order	Pimascovirales	Pimascovirales	shared	OG581
order	Pimascovirales	Pimascovirales	shared	OG787
order	Pimascovirales	Pimascovirales	shared	OG834
order	Pimascovirales	Pimascovirales	shared	OG989
order	Pimascovirales	Pimascovirales	accessory	OG1086
order	Pimascovirales	Pimascovirales	accessory	OG1094
order	Pimascovirales	Pimascovirales	accessory	OG419
order	Pimascovirales	Pimascovirales	accessory	OG482
order	Pimascovirales	Pimascovirales	accessory	OG541
order	Pimascovirales	Pimascovirales	accessory	OG612
order	Pimascovirales	Pimascovirales	accessory	OG634
order	Pimascovirales	Pimascovirales	accessory	OG658
order	Pimascovirales	Pimascovirales	accessory	OG742
order	Pimascovirales	Pimascovirales	accessory	OG762
order	Pimascovirales	Pimascovirales	accessory	OG769
order	Pimascovirales	Pimascovirales	accessory	OG786
order	Pimascovirales	Pimascovirales	accessory	OG800
order	Pimascovirales	Pimascovirales	accessory	OG825
order	Pimascovirales	Pimascovirales	accessory	OG875
order	Pimascovirales	Pimascovirales	accessory	OG901
order	Pimascovirales	Pimascovirales	accessory	OG965
order	Pimascovirales	Pimascovirales	accessory	OG975
order	basal_chitovirales	basal_chitovirales	core	OG34261
order	basal_chitovirales	basal_chitovirales	core	OG36377
order	basal_chitovirales	basal_chitovirales	core	OG48357
order	basal_chitovirales	basal_chitovirales	core	OG48360
order	basal_chitovirales	basal_chitovirales	shared	OG41908
order	basal_chitovirales	basal_chitovirales	shared	OG41909
order	basal_chitovirales	basal_chitovirales	shared	OG48358
order	basal_chitovirales	basal_chitovirales	shared	OG48359
order	basal_chitovirales	basal_chitovirales	shared	OG55163
order	o_	o_	shared	OG3477
order	o_	o_	accessory	OG25875
order	split_Imitervirales	split_Imitervirales	core	OG2843
order	split_Imitervirales	split_Imitervirales	core	OG5478
order	split_Imitervirales	split_Imitervirales	shared	OG10020
order	split_Imitervirales	split_Imitervirales	shared	OG10514
order	split_Imitervirales	split_Imitervirales	shared	OG114
order	split_Imitervirales	split_Imitervirales	shared	OG2081
order	split_Imitervirales	split_Imitervirales	shared	OG267
order	split_Imitervirales	split_Imitervirales	shared	OG270
order	split_Imitervirales	split_Imitervirales	shared	OG276
order	split_Imitervirales	split_Imitervirales	shared	OG3465
order	split_Imitervirales	split_Imitervirales	shared	OG3490
order	split_Imitervirales	split_Imitervirales	shared	OG4001
order	split_Imitervirales	split_Imitervirales	shared	OG4124
order	split_Imitervirales	split_Imitervirales	shared	OG4201
order	split_Imitervirales	split_Imitervirales	shared	OG4207
order	split_Imitervirales	split_Imitervirales	shared	OG4547
order	split_Imitervirales	split_Imitervirales	shared	OG4615
order	split_Imitervirales	split_Imitervirales	shared	OG4797
order	split_Imitervirales	split_Imitervirales	shared	OG4799
order	split_Imitervirales	split_Imitervirales	shared	OG4821
order	split_Imitervirales	split_Imitervirales	shared	OG4899
order	split_Imitervirales	split_Imitervirales	shared	OG5095
order	split_Imitervirales	split_Imitervirales	shared	OG5160
order	split_Imitervirales	split_Imitervirales	shared	OG5198
order	split_Imitervirales	split_Imitervirales	shared	OG5208
order	split_Imitervirales	split_Imitervirales	shared	OG5401
order	split_Imitervirales	split_Imitervirales	shared	OG5423
order	split_Imitervirales	split_Imitervirales	shared	OG5761
order	split_Imitervirales	split_Imitervirales	shared	OG5860
order	split_Imitervirales	split_Imitervirales	shared	OG5873
order	split_Imitervirales	split_Imitervirales	shared	OG6034
order	split_Imitervirales	split_Imitervirales	shared	OG6041
order	split_Imitervirales	split_Imitervirales	shared	OG6151
order	split_Imitervirales	split_Imitervirales	shared	OG809
order	split_Imitervirales	split_Imitervirales	shared	OG8381
order	split_Imitervirales	split_Imitervirales	accessory	OG1891
order	split_Imitervirales	split_Imitervirales	accessory	OG242
order	split_Imitervirales	split_Imitervirales	accessory	OG2428
order	split_Imitervirales	split_Imitervirales	accessory	OG299
order	split_Imitervirales	split_Imitervirales	accessory	OG3060
order	split_Imitervirales	split_Imitervirales	accessory	OG3596
order	split_Imitervirales	split_Imitervirales	accessory	OG3842
order	split_Imitervirales	split_Imitervirales	accessory	OG4181
order	split_Imitervirales	split_Imitervirales	accessory	OG4281
order	split_Imitervirales	split_Imitervirales	accessory	OG4599
order	split_Imitervirales	split_Imitervirales	accessory	OG5005
order	split_Imitervirales	split_Imitervirales	accessory	OG503
order	split_Imitervirales	split_Imitervirales	accessory	OG5115
order	split_Imitervirales	split_Imitervirales	accessory	OG5155
order	split_Imitervirales	split_Imitervirales	accessory	OG5299
order	split_Imitervirales	split_Imitervirales	accessory	OG5311
order	split_Imitervirales	split_Imitervirales	accessory	OG5414
order	split_Imitervirales	split_Imitervirales	accessory	OG5421
order	split_Imitervirales	split_Imitervirales	accessory	OG5584
order	split_Imitervirales	split_Imitervirales	accessory	OG5658
order	split_Imitervirales	split_Imitervirales	accessory	OG5686
order	split_Imitervirales	split_Imitervirales	accessory	OG5703
order	split_Imitervirales	split_Imitervirales	accessory	OG5776
order	split_Imitervirales	split_Imitervirales	accessory	OG5828
order	split_Imitervirales	split_Imitervirales	accessory	OG5935
order	split_Imitervirales	split_Imitervirales	accessory	OG5951
order	split_Imitervirales	split_Imitervirales	accessory	OG6097
order	split_Imitervirales	split_Imitervirales	accessory	OG6520
order	split_Imitervirales	split_Imitervirales	accessory	OG6558
order	split_Imitervirales	split_Imitervirales	accessory	OG667
order	split_Imitervirales	split_Imitervirales	accessory	OG6684
order	split_Imitervirales	split_Imitervirales	accessory	OG6760
order	split_Imitervirales	split_Imitervirales	accessory	OG6785
order	split_Imitervirales	split_Imitervirales	accessory	OG6872
order	split_Imitervirales	split_Imitervirales	accessory	OG6881
order	split_Imitervirales	split_Imitervirales	accessory	OG7065
order	split_Imitervirales	split_Imitervirales	accessory	OG918
order	split_Imitervirales	split_Imitervirales	accessory	OG9688
